Concept A,Concept B
C0007090,C0007090
C0000334,C0000334
C0000376,C0000376
C0018533,C0018533
C0020388,C0020388
C0000473,C0000473
C0000503,C0673093
C0673093,C0000503
C0031678,C0031678
C0000768,C0000768
C0679337,C0243066
C0032082,C0032082
C0037274,C0011603
C3263723,C3714660
C0004611,C0004611
C0001056,C0001056
C0019247,C0019247
C0001143,C0919315
C0919315,C0001143
C0011603,C0037274
C0001158,C0001158
C0001158,C4048281
C4048281,C0001158
C0036277,C0036277
C0037868,C0037868
C0033684,C0030956
C0236664,C0349096
C0836921,C0040421
C0028606,C0597549
C0001465,C0001465
C0596902,C0022009
C0001483,C0001483
C1123023,C1123023
C0001563,C0001563
C0026584,C0026584
C0015259,C0026606
C0282636,C0282636
C0001774,C0001774
C0011265,C0002395
C0349464,C0349464
C0001975,C0001975
C0678262,C0678262
C0033306,C0033306
C0033306,C0033308
C0002119,C0002119
C0002395,C0011265
C0042790,C0015397
C0042790,C0042790
C0015397,C0042790
C0023689,C0023689
C0031253,C0682891
C0002598,C0002598
C0002645,C0002645
C0030842,C0030842
C0596714,C0002843
C0002843,C0596714
C0018939,C0018939
C0027022,C0282609
C0151482,C0002888
C0002888,C0151482
C0002921,C0002911
C0002911,C0002921
C0002940,C0002940
C0030956,C0033684
C0022023,C0013878
C1140621,C1140621
C0015392,C0015392
C0031212,C0031212
C0243066,C0679337
C0011666,C1522460
C0085377,C0085377
C0012240,C0012240
C0011757,C0026613
C0504082,C0036537
C0042845,C0042845
C0042845,C0086024
C0086024,C0042845
C0003753,C0003753
C0033978,C0033978
C1705480,C1705480
C0262950,C0262950
C0446516,C0446516
C0014417,C0682891
C0004153,C0003850
C0003850,C0004153
C0009450,C0009450
C1522460,C0011666
C0004015,C0085845
C0085845,C0004015
C0036075,C0036079
C0036079,C0036075
C0004134,C0575081
C0575081,C0004134
C0041671,C1263846
C0682655,C0004308
C0004308,C0682655
C0036658,C0036658
C0004352,C0004352
C1536403,C1536403
C0004933,C0004933
C0009240,C0025361
C0085103,C0085103
C0027882,C0027882
C0033887,C0033887
C0013878,C0013878
C0013878,C0022023
C0013878,C0567415
C0013878,C0567416
C0008630,C0008630
C0005038,C0005038
C0036537,C0504082
C0008370,C0008370
C0678661,C1327622
C0015609,C0015609
C0735411,C0559769
C0005740,C0005740
C0040233,C0040233
C0018957,C0005767
C0005767,C0018957
C0005818,C0005818
C0006104,C0678908
C0042731,C0042731
C0263661,C0029408
C0005953,C0229619
C0229619,C0005953
C4721453,C0027868
C4721453,C0442874
C0678908,C0006104
C0013254,C1702916
C0043315,C0043315
C0022009,C0596902
C0042291,C0080356
C0080356,C0042291
C0024121,C0242379
C0242379,C0024121
C0018800,C0018800
C0007271,C0682998
C0682998,C0007271
C0600266,C0600266
C0025033,C0025033
C0007404,C0007404
C0007537,C0007537
C0007538,C0007538
C0007559,C0007559
C0026559,C0026559
C0007581,C0007581
C0007590,C0007586
C0007586,C0007590
C0007603,C0007603
C0007603,C1622525
C0596901,C0596901
C1622525,C0007603
C0007716,C0007716
C0013526,C0221536
C0221536,C0013526
C0025556,C0036147
C0008024,C0085994
C0011479,C0086123
C0085994,C0008024
C0036375,C0036375
C0008100,C0682053
C0682053,C0008100
C0008161,C0077034
C0077034,C0008161
C0008163,C0008163
C0038323,C0008366
C0008350,C0008350
C0008366,C0038323
C0700541,C0022613
C0008797,C0008797
C0037812,C0037812
C0008838,C0008838
C0008913,C0008913
C0013936,C0013936
C0681826,C0596572
C0012081,C0008994
C0008994,C0012081
C0018681,C0018681
C0009156,C0056039
C0056039,C0009156
C0009170,C0009170
C0025361,C0009240
C0023981,C0681845
C0023693,C0023693
C0009566,C0009566
C0024421,C0024421
C0080178,C0080178
C0027965,C0027965
C0026848,C0026848
C0026848,C0027868
C0010210,C0010210
C0032868,C0032868
C0681845,C0023981
C0010583,C0010583
C0010590,C0010590
C0010598,C0010598
C0041014,C0041014
C0680063,C0680063
C0516983,C0012238
C0011182,C0086108
C0086108,C0011182
C0011206,C0011206
C0019159,C0019159
C0086123,C0011479
C0011548,C0011548
C0020703,C0020703
C0026613,C0011757
C0057610,C1321598
C0011849,C0011849
C0022658,C0022658
C0059541,C0059541
C0242402,C0242402
C0011998,C0011998
C0012004,C0012004
C0012066,C0600203
C0600203,C0012066
C0012203,C0012203
C0012238,C0516983
C0033308,C0033306
C0041080,C0017854
C0012460,C0012460
C0012694,C0086073
C0086073,C0012694
C0680238,C0680238
C1859363,C1859363
C1155291,C1155291
C0559769,C0735411
C0013090,C0013090
C0220806,C0684301
C0013231,C0013231
C1702916,C0013254
C0013592,C0013592
C0567415,C0013878
C0567416,C0013878
C0021599,C0021599
C0014007,C0014007
C0042138,C0153567
C0014390,C0014390
C0682891,C0014417
C0682891,C0031253
C0027868,C0026848
C0027868,C4721453
C0014938,C0014938
C0015091,C0015091
C0015117,C0059849
C0059849,C0015117
C0015121,C0086268
C0086268,C0015121
C0015195,C0035168
C0035168,C0015195
C0678950,C0019266
C0026606,C0015259
C0015324,C0015324
C3536733,C3536733
C0596572,C0681826
C0016229,C0016229
C0016298,C0060507
C0060507,C0016298
C0017066,C0017066
C0027540,C0027540
C0061472,C0220839
C0017854,C0041080
C0017887,C0017887
C0018042,C0018042
C0018042,C0230765
C0230765,C0018042
C0230765,C0230765
C0018496,C0018496
C0027061,C0027061
C0036980,C0679394
C0018801,C0018801
C0018850,C0018850
C0019169,C0019169
C0019266,C0678950
C0019453,C0019453
C0020196,C0020196
C0596307,C0678593
C0020443,C0020443
C0020538,C0020538
C0349368,C0349368
C0020555,C0020555
C0020600,C0122922
C0122922,C0020600
C0679394,C0036980
C0079822,C0079822
C0021055,C0021055
C0037657,C0037657
C0021721,C0021721
C1522436,C0021798
C0021798,C1522436
C0022041,C0022038
C0022038,C0022041
C0022131,C0022131
C0033774,C0033774
C0022613,C0700541
C0027713,C0736401
C0736401,C0027713
C0227525,C0227525
C0033474,C0072186
C1326631,C1326631
C0023013,C0023013
C0036341,C0036341
C0699376,C0178638
C0376545,C0376545
C0039590,C0153594
C0678593,C0596307
C0023749,C0023749
C0023791,C1703661
C1703661,C0023791
C0039231,C0039231
C0919267,C1140680
C0024452,C0024452
C1657605,C4325600
C0025202,C0025202
C0025202,C0151779
C0151779,C0025202
C0025460,C0025460
C0036147,C0025556
C0025684,C0025684
C0025979,C0025979
C0025979,C1819347
C0025979,C5380048
C0025979,C5815486
C1819347,C0025979
C5380048,C0025979
C5815486,C0025979
C0025990,C0025990
C0430389,C0026018
C0026018,C0430389
C1318418,C0026049
C0026049,C1318418
C5779628,C5779628
C0026192,C0026192
C3489575,C3489575
C0026640,C0026640
C0162771,C0162771
C0282609,C0027022
C0027132,C0027132
C0027138,C0129533
C0129533,C0027138
C0027424,C0027424
C0027439,C0027439
C0031347,C0031347
C0036416,C0036416
C0027708,C0027708
C0030123,C0030123
C0039062,C0039062
C0040329,C0040329
C0028584,C0028584
C0028587,C0028587
C0597549,C0028606
C0162567,C0028738
C0028738,C0162567
C0224134,C0028863
C0028863,C0224134
C0220884,C0028928
C0028928,C0220884
C0029180,C0029180
C0029247,C0029247
C0029277,C0029277
C0029341,C0029341
C0029408,C0029408
C0029408,C0263661
C1720771,C1720771
C0029957,C0029957
C0687126,C0680619
C0030234,C3503116
C3503116,C0030234
C0030297,C0346647
C0346647,C0030297
C0030470,C0030470
C0031050,C0031050
C0442874,C4721453
C0031755,C0031755
C0031953,C0369845
C0369845,C0031953
C0032209,C0032209
C0032476,C0032476
C0032529,C0032529
C0032718,C0032718
C0033011,C0033011
C0072186,C0033474
C0033845,C0033845
C0349096,C0236664
C0041390,C0041390
C0034052,C0034052
C0034057,C0034057
C0524704,C0034413
C0034413,C0524704
C0034627,C0034627
C3812393,C3812393
C1820179,C1820179
C0035331,C0035331
C0035353,C0035353
C0040900,C0370086
C0036095,C0036095
C0036359,C0036359
C0036488,C0036488
C0037438,C0037438
C0036609,C0036609
C0036624,C0036624
C0682647,C0599408
C0684301,C0220806
C0037199,C0037199
C0687701,C1290955
C0037267,C0037267
C0680406,C0680406
C0037506,C0058632
C0058632,C0037506
C0220839,C0061472
C0038411,C0038411
C0039005,C0039005
C0039294,C0039294
C0039320,C0039320
C0039418,C0039418
C0153594,C0039590
C0039663,C0039663
C0039674,C0070050
C0070050,C0039674
C0040421,C0836921
C0040457,C0040457
C0040458,C0040458
C0040845,C0040845
C0370086,C0040900
C0041536,C0041536
C0041600,C0041600
C1263846,C0041671
C0153567,C0042138
C0068263,C0042280
C0042280,C0068263
C0042439,C0042439
C0042930,C0042930
C0043352,C0043352
C0043850,C0043850
C0043850,C3265536
C3265536,C0043850
C0043891,C0043891
C0044271,C0044271
C0044549,C0044549
C3272771,C3272771
C0045801,C0045801
C0046786,C0046786
C4048291,C4048291
C0048897,C0048897
C0050078,C0050078
C0050559,C0050559
C0969677,C0969677
C0051515,C0051515
C0052413,C0104238
C0104238,C0052413
C0052416,C0052416
C0097147,C0097147
C0085208,C0700563
C0064582,C0376261
C0073578,C0073578
C0055738,C0055738
C0055754,C0055754
C0055860,C0110038
C0110038,C0055860
C0056154,C0056154
C0056387,C0056387
C1453926,C1453926
C1321598,C0057610
C0065601,C0057623
C0065601,C0065601
C0057623,C0065601
C0057916,C0057916
C0058144,C0058144
C0058252,C0058252
C0058291,C0058291
C0145620,C0145620
C0059506,C0059506
C0059562,C0699338
C0699338,C0059562
C0060135,C0060135
C0060240,C0060240
C0220833,C0060825
C0060501,C0721978
C0721978,C0060501
C0771469,C0060657
C0060657,C0771469
C0060825,C0060825
C0060825,C0220833
C1096768,C1096768
C0220838,C0061444
C0061444,C0220838
C0062725,C0220849
C0220849,C0062725
C0063252,C0063252
C0064443,C0064443
C4726948,C5227734
C0376261,C0064582
C0064598,C0206824
C0206824,C0064598
C0065571,C0220874
C0220874,C0065571
C0065646,C0065646
C0066005,C0066005
C0127527,C0127527
C0068065,C0068065
C0069021,C0069021
C0069966,C0135118
C0135118,C0069966
C0070620,C0220893
C0220893,C0070620
C0070694,C0070694
C0071044,C0137033
C0137033,C0071044
C0071330,C0071330
C0071599,C0071599
C0071686,C0137904
C0137904,C0071686
C0072732,C0771422
C0771422,C0072732
C0244104,C0072802
C0072802,C0244104
C0072857,C0072857
C5443539,C0073590
C0073590,C5443539
C0206788,C0874165
C0073994,C0073994
C0074071,C3535867
C3535867,C0074071
C3252566,C0663812
C0075998,C0075998
C0076080,C0876179
C0876179,C0076080
C0076656,C0076656
C1137102,C0077275
C1137102,C1137102
C0077275,C1137102
C0077673,C0077673
C0078569,C0771200
C0771200,C0078569
C0078844,C0078844
C0428977,C0428977
C0082608,C0082608
C0700563,C0085208
C0085259,C0085259
C0740858,C0740858
C0085979,C0085979
C0717787,C0717787
C0088688,C0088688
C0090023,C0090023
C1321887,C0101303
C0101303,C1321887
C0220914,C0220914
C0282587,C0282587
C0902566,C0902566
C2347999,C2347999
C0142825,C0142825
C3891959,C3891959
C0257343,C0257343
C0149214,C0149214
C0149256,C0149256
C0149745,C0149745
C0151811,C0151811
C0152035,C0152035
C0152119,C0152119
C0155210,C0155210
C0155733,C0155733
C2981150,C2981150
C0158663,C0158663
C0162638,C0162638
C0162638,C3269145
C3269145,C0162638
C0162766,C0162766
C0162760,C0162760
C0162761,C0162761
C0164056,C0164056
C0245179,C0245179
C0167117,C0167117
C0771892,C0527189
C4725663,C4725663
C0170531,C0281398
C0281398,C0170531
C0178638,C0699376
C0205076,C0205076
C0206248,C0206248
C0206249,C0206249
C0682456,C0682455
C0874165,C0206788
C0874165,C0701497
C0210403,C0210403
C0211011,C0211011
C0211668,C0211668
C3713854,C0212254
C0212254,C3713854
C2719626,C0753678
C0753678,C2719626
C1306772,C0213771
C0213771,C1306772
C0214230,C0214230
C0220578,C0220578
C0220781,C0220781
C0220840,C1533643
C1533643,C0220840
C0220889,C0600556
C0600556,C0220889
C0266305,C0221353
C0221353,C0266305
C0221358,C0221358
C0816233,C0222149
C0222149,C0816233
C0227952,C0227952
C0223724,C0223724
C0223728,C0448063
C0448063,C0223728
C0223729,C0223729
C0223733,C0223733
C0223736,C0223736
C0223741,C0223741
C0560737,C0560737
C0224214,C0224214
C0225206,C0225206
C0225270,C0225270
C0225399,C0225399
C0225566,C0225566
C0225832,C0225832
C0225847,C0225847
C0226964,C0226964
C0733952,C0733952
C0227726,C0227726
C1185785,C1185785
C0599444,C0599444
C0228740,C0228740
C0228842,C0228842
C0588054,C0588054
C0230132,C0230132
C0230214,C0230214
C0887870,C0887870
C0230698,C0230698
C0230718,C0230718
C0230844,C0230844
C0232552,C0232552
C0234146,C0234146
C0235357,C0235357
C0235942,C0235942
C3714660,C3263723
C0238462,C0238462
C0239803,C0239803
C0240309,C0240309
C0240479,C0240479
C1513907,C0337920
C0242784,C0242785
C0242785,C0242784
C0243518,C0243518
C0243880,C0243879
C0243879,C0243880
C0244561,C0244560
C0244560,C0244561
C1307256,C1307256
C1831626,C1831626
C0257190,C0257190
C0265031,C0265031
C0265609,C0265609
C0266030,C0266030
C0266063,C0266063
C0266609,C0266609
C4025871,C1290857
C4025871,C4025871
C0267211,C0267211
C0267952,C0267952
C4048184,C4048184
C0279218,C0279218
C0281736,C0281736
C0282111,C0282111
C0284941,C0592789
C0592789,C0284941
C0379200,C0379199
C0379199,C0379200
C0289313,C0289313
C0296727,C0296727
C0299316,C0299316
C0302584,C0302584
C0324958,C0324958
C1159823,C1159823
C1140680,C0919267
C0337920,C1513907
C0338209,C0338209
C0341007,C0341007
C1868690,C4505291
C4280274,C0344499
C0344499,C4280274
C0679296,C0679296
C0730920,C0359156
C0359156,C0730920
C4082245,C0375511
C0375511,C4082245
C0935914,C0935914
C0724710,C0388753
C0388753,C0724710
C0389169,C0389169
C0389883,C0389883
C0393035,C0393035
C1515213,C0393069
C0393069,C1515213
C0398357,C0398357
C0399352,C0399352
C0399385,C0399385
C0399519,C0399519
C0399545,C0399545
C0424690,C0424690
C0431352,C0431352
C0431448,C0431448
C0431863,C0431863
C0435943,C0435943
C0453269,C0453269
C0489460,C0489460
C0521736,C0521736
C0526354,C0526354
C0527189,C0771892
C0533115,C0533115
C0533545,C0533545
C0535928,C3852776
C3852776,C0535928
C0542514,C0542514
C0574769,C0574769
C0575154,C0575154
C0692225,C1572453
C0976533,C3215005
C0889299,C0889299
C0795575,C0795575
C0596052,C0887947
C0887947,C0596052
C1160639,C0596824
C0596824,C1160639
C2673180,C0751961
C0597728,C0597728
C0598501,C0598501
C0598962,C0598962
C0599176,C0599176
C0599408,C0682647
C0601132,C0601132
C0617570,C0617570
C0663812,C3252566
C0666743,C0666743
C0673815,C0673815
C0675838,C2830076
C2830076,C0675838
C0678295,C0678295
C0683033,C0679230
C0678342,C0683051
C0683051,C0678342
C0678781,C0678354
C0678354,C0678781
C0678783,C0678355
C0678355,C0678783
C1327622,C0678661
C1527425,C1527425
C0679138,C0679138
C0679230,C0683033
C0679396,C0679396
C0684262,C0684262
C0683498,C0683498
C0679782,C0679782
C0679783,C0679783
C0680619,C0687126
C0683692,C0683692
C0682455,C0682456
C0685213,C0685213
C0685781,C0685781
C1290955,C0687701
C1572453,C0692225
C0716108,C0980717
C0699222,C0699222
C0701497,C0874165
C0975172,C3695574
C0974619,C1966527
C3185082,C4740770
C0980717,C0716108
C0716271,C3503058
C3503058,C0716271
C0751961,C2673180
C0762434,C0762434
C0764430,C0764430
C0765538,C0772505
C0772505,C0765538
C0771414,C1999871
C1999871,C0771414
C0813171,C0813171
C0931956,C0931956
C0817445,C0817445
C0826200,C0826200
C0931957,C0931957
C0931972,C0931972
C0934885,C0934885
C0931982,C0931982
C0931983,C0931983
C0932000,C0932000
C0934886,C0934886
C0932008,C0932008
C0932009,C0932009
C0872070,C0872070
C0874039,C0874039
C0879383,C0879383
C0879385,C0879385
C0879492,C0879492
C0879622,C0879622
C0887887,C1166740
C1166740,C0887887
C2974636,C2974636
C0910081,C3714810
C3714810,C0910081
C0910889,C0910889
C0915830,C0915830
C0916470,C0916470
C0921020,C0921020
C0928482,C0928482
C0928486,C0928486
C0935445,C0935445
C1963096,C1963096
C0976919,C0938972
C0938972,C0976919
C0940070,C0940070
C0941107,C0941107
C0950521,C0950521
C4520809,C4520809
C0962274,C0962274
C0962390,C0962390
C0963461,C0963461
C0964443,C2830008
C2830008,C0964443
C5235271,C5235271
C0967624,C0967624
C0967625,C0967625
C0967787,C2000467
C4310044,C4310044
C2000467,C0967787
C2000467,C2000467
C0969276,C1455513
C1455513,C0969276
C1966527,C0974619
C3695574,C0975172
C3215005,C0976533
C2698346,C2698346
C1625133,C1625133
C1101538,C1101538
C1101795,C1101795
C2713559,C2713559
C1136031,C1136031
C1831919,C1831919
C1148567,C1148567
C1148568,C1148568
C1160649,C1160649
C1148633,C1148633
C5380127,C5380127
C1148648,C1148648
C1523335,C1523335
C1148665,C1148665
C1148702,C1148702
C1148821,C1148821
C1519613,C5887013
C1148943,C1148943
C1148970,C1148970
C1148979,C1148979
C1149003,C1149003
C1323412,C1323412
C1149014,C1149014
C1149020,C1149020
C1149026,C1149026
C1149049,C1149049
C1149093,C1149092
C1149093,C1149093
C1149092,C1149093
C1149181,C1149181
C1149241,C1149419
C1149419,C1149241
C1749862,C1155780
C1149277,C1149277
C1149278,C1149278
C1149320,C1149320
C1149335,C1149335
C1149341,C1149341
C1817227,C1817227
C1149396,C1149396
C1149401,C1149401
C1149402,C1149402
C1149402,C1748600
C1748600,C1149402
C1149405,C1149405
C1752924,C1752924
C1149440,C1149440
C1149478,C1149478
C1149518,C1149518
C1149535,C1149535
C1149640,C1149640
C1149646,C1149646
C1149658,C1149658
C1149659,C1149659
C1149661,C1149661
C1149663,C1149663
C1149705,C1149705
C3546441,C3546441
C1149772,C1149772
C1149824,C1149824
C1149890,C1149890
C1149893,C1149893
C1149900,C1149900
C1149905,C1149905
C1149918,C1149918
C1149992,C1149992
C1149998,C1149998
C1150005,C1150005
C1818668,C1818668
C1150056,C1150056
C1150920,C1150920
C1150171,C1150095
C1150171,C1150171
C1150095,C1150095
C1150095,C1150171
C1150104,C1150104
C1150106,C1150106
C1150121,C1150121
C1150124,C1150124
C1150137,C1150137
C1150157,C1150157
C1150158,C1150158
C1150161,C1150161
C1150162,C1150162
C1150172,C1150172
C1150173,C1150173
C1150195,C1150195
C1150209,C1150209
C1150224,C1150224
C1150239,C1150239
C1150243,C1150243
C1150248,C1150248
C1150250,C1150250
C1150251,C1150251
C1150253,C1150253
C1150274,C1150274
C1150275,C1150275
C1150315,C1150315
C1150341,C1150341
C1150342,C1150342
C1150361,C1150361
C1150387,C2257146
C2257146,C1150387
C1150388,C1150388
C1150407,C1150407
C1150424,C1150424
C1150445,C1150445
C1150458,C1150458
C1150492,C1150492
C1150537,C1150537
C1150543,C1150543
C1150565,C1150565
C1150579,C1150579
C1150587,C1150587
C1155362,C1155362
C1150602,C1150602
C1817216,C1150604
C1150604,C1817216
C1155393,C1155393
C1150625,C1150625
C3271790,C3271790
C1150650,C1150650
C1150653,C1150653
C3888074,C3888074
C3888151,C3888151
C1150685,C1150685
C1150691,C1150691
C1150715,C1150715
C1150717,C1150717
C1150865,C1150865
C1150889,C1150889
C1150898,C1150898
C1150904,C1150904
C1150906,C1150906
C1150933,C1150933
C1150974,C1150974
C1150984,C1150984
C1151011,C1151011
C1151012,C1151012
C1151080,C1151080
C1151081,C1151081
C1151118,C1151118
C1151176,C1151176
C1151198,C1151198
C1151253,C1151253
C1151210,C1151210
C1151227,C1151227
C1151262,C1151262
C1151271,C1151271
C1151293,C1151293
C1151312,C1151312
C1151329,C1151329
C1151329,C3158100
C3158100,C1151329
C1151361,C1151361
C1151370,C1151370
C1151383,C1151383
C1151401,C1151401
C1151444,C1151444
C1151518,C1151518
C1151526,C1151526
C1151558,C1151558
C1151569,C1151569
C1151570,C1151570
C1151586,C1151586
C1151600,C1151600
C1151602,C1151602
C1816386,C1816386
C1151678,C1151678
C1151724,C1151724
C1151742,C1151742
C1151748,C1151748
C1151783,C1151783
C1151804,C1151804
C1151814,C1151814
C1151814,C1151815
C1151815,C1151814
C1151815,C1151815
C1151818,C1151818
C1151830,C1151830
C1151847,C1151847
C2753398,C2753398
C1151883,C1151883
C1151884,C1151884
C1151885,C1151885
C1151886,C1151886
C1151887,C1151887
C1151898,C1151898
C1151909,C1151909
C1151913,C1151913
C1151938,C1151938
C1151956,C1151956
C1817217,C1151966
C1151966,C1817217
C1151988,C1151988
C1152025,C1152025
C1152096,C1152096
C1152097,C1152097
C1152097,C2243501
C2243501,C1152097
C1152098,C1152098
C1152116,C1152116
C1152133,C1152133
C1152211,C1152211
C1152229,C1152229
C1152265,C1152265
C1152295,C1152295
C1152300,C1152300
C1152313,C1152313
C2248686,C1152318
C1152318,C2248686
C1152375,C1152375
C1152388,C1152388
C1152400,C1152400
C1152402,C1152402
C1152424,C1152424
C1152431,C1152431
C1159752,C1159752
C1152464,C1152464
C1152490,C1152490
C1152487,C1152487
C1152550,C1152550
C1152561,C1152561
C1152568,C1152568
C1152586,C1152586
C1152589,C1152589
C1152597,C1152597
C2984268,C2984268
C1152687,C1152687
C1152711,C1152710
C1152710,C1152711
C1152818,C1152818
C1152826,C1152826
C1152874,C1152874
C1152985,C1152985
C1153020,C1153020
C1153347,C1153347
C1153040,C1153040
C1153074,C1153074
C1153167,C1153164
C1153167,C1153166
C1153167,C1153167
C1153102,C1153102
C1153148,C1153148
C1153164,C1153167
C1153166,C1153166
C1153166,C1153167
C1153168,C1153168
C1153169,C1153169
C1153172,C1153172
C1153191,C1153191
C1153198,C1153198
C1750193,C1750193
C1159660,C1159660
C1153328,C1153328
C1153343,C1153343
C1153355,C1153355
C1153365,C1153365
C1153376,C1153376
C1153430,C1153430
C1153464,C1153464
C1153472,C1153472
C1153483,C1153483
C1153540,C1153540
C1153544,C1153544
C2247806,C2247806
C1153545,C1153545
C1159600,C1159600
C1153571,C1153571
C1159629,C1159629
C1153596,C1153596
C1153665,C1153665
C1153689,C1153689
C1153695,C1153695
C5379829,C5379829
C1154507,C1154507
C1154511,C1154511
C1154512,C1154512
C1154567,C1154567
C1154719,C1154719
C3158575,C3158575
C1749564,C1155346
C1155346,C1749564
C1155406,C1155406
C1155461,C1155461
C1155503,C1155503
C3156864,C3156864
C1326207,C1326207
C1155616,C1155616
C1155627,C1155627
C1158486,C1158486
C4325600,C1657605
C1155678,C1155678
C1155733,C1155733
C1155780,C1749862
C1155803,C1155803
C1155845,C1155845
C1156011,C1156011
C1157446,C1157446
C1156126,C1156126
C1156166,C1156166
C1156169,C1156169
C1156170,C1156170
C1156233,C1156233
C1261468,C1261468
C1156311,C1156311
C1156341,C1156341
C1156376,C1156376
C1156400,C1156400
C1325639,C1325639
C1156890,C1156890
C1157037,C1157037
C1157040,C1157040
C1157081,C1157081
C1157189,C1157189
C1157346,C1157346
C1157731,C1157731
C1157823,C1157823
C1157928,C1157928
C1158171,C1158171
C1158295,C1158295
C1158299,C1158299
C1158385,C1158385
C1752902,C1752902
C1158694,C1158694
C1158696,C1158696
C1158697,C1158697
C1158698,C1158698
C1753310,C1158739
C1158739,C1753310
C1158952,C1158952
C1159371,C1159371
C1159433,C1159433
C1159666,C1159666
C3893665,C3893665
C1159705,C1159705
C1159788,C1159788
C1159830,C1159830
C1159832,C1159832
C1159834,C1159834
C1159843,C1159843
C1159845,C1159845
C1159846,C1159846
C1159847,C1159847
C1159849,C1159849
C1656404,C1656404
C1160140,C1160140
C1160156,C1160156
C1160241,C1160241
C1160242,C1160242
C1749797,C1820163
C1656559,C1656559
C1160311,C1160311
C1160636,C5137322
C5137322,C1160636
C1166610,C1166610
C1166724,C1166724
C1166737,C1166737
C1166808,C1166808
C1166811,C1166811
C1166839,C1166839
C1166848,C1166848
C1166859,C1166859
C1325653,C1325653
C1167282,C1167282
C1167256,C1167256
C1166941,C1166941
C1749469,C1167069
C1167069,C1749469
C1167070,C1167070
C1167086,C1167086
C1167116,C1167116
C1167143,C1167143
C1167334,C1167334
C1167334,C1752745
C1752745,C1167334
C1167406,C1167406
C1167408,C1167408
C1167498,C1167498
C1167518,C1167518
C1171348,C1171348
C1174691,C1174691
C1176286,C1176286
C4329277,C4329277
C3541837,C3541837
C1260030,C1260030
C3812685,C3812685
C1290857,C4025871
C1311732,C1311732
C1313820,C1313820
C1323296,C1323296
C1323315,C1323315
C1323340,C1323340
C1323350,C1323350
C1323362,C1323362
C1323366,C1323366
C1323367,C1323367
C1323381,C1323381
C1323382,C1323382
C1323387,C1323387
C1323405,C1323405
C1323411,C1323411
C1323416,C1323416
C1323433,C1323433
C1323451,C1323451
C1323610,C1323610
C1323687,C1323687
C2248347,C2248347
C1323782,C1323782
C1323806,C1323806
C1323871,C1323871
C1323892,C1323892
C1323929,C1323929
C1323978,C1323978
C1324005,C1324005
C1324145,C1324145
C1324149,C1324149
C1324275,C1324275
C1324329,C1324329
C1324337,C1324337
C1324355,C1324355
C1324413,C1324413
C1324443,C1324443
C1324510,C1324510
C5815183,C1324515
C1324515,C5815183
C1324519,C1324519
C1324563,C1324563
C1324614,C1324614
C1324668,C1324668
C1324879,C1324879
C1324906,C1324906
C1324922,C1324922
C1325006,C1325006
C1325014,C1325014
C1325032,C1325032
C1325104,C1325104
C1325105,C1325105
C1325118,C1325118
C1325152,C1325152
C1325153,C1325153
C1325155,C1325155
C1325208,C1325208
C1326494,C1326494
C1325520,C1325520
C1325535,C1325535
C1325631,C1325631
C1744673,C1744673
C1325744,C1325744
C1327729,C1327729
C1325868,C1325868
C1325907,C1325907
C1325994,C1325994
C1326202,C1326202
C1326205,C1326205
C1326212,C1326212
C1326221,C1326221
C1326309,C1326309
C1326330,C1326330
C1326337,C1326337
C1327704,C1326520
C1326520,C1327704
C1752720,C1752720
C1326605,C1326605
C1326694,C1326694
C1326787,C1326787
C1327004,C1327004
C1327242,C1327242
C1327244,C1327244
C2610186,C2610186
C1327378,C1327378
C3714605,C3714605
C1327632,C1327632
C1327944,C1327944
C1328058,C1328058
C1328106,C1328106
C2935436,C2935436
C1328108,C1328108
C1328144,C1328144
C1328193,C2713006
C2713006,C1328193
C1328201,C1328201
C1328236,C1328236
C1328238,C1328238
C1328256,C1328256
C5400063,C1328696
C1328696,C5400063
C1445329,C1445329
C1450425,C1450425
C2607219,C5440671
C1451099,C1451099
C1453383,C1453383
C1506748,C1506748
C1510699,C1510699
C1512644,C1512644
C1513788,C1513788
C1513789,C1513789
C1516339,C1516339
C1518060,C1518060
C1518061,C1518061
C3827078,C3827078
C5887013,C1519613
C1522480,C2830007
C2830007,C1522480
C1523101,C1523101
C1523111,C1523111
C1523140,C1523140
C3159239,C3159239
C1523337,C1523337
C1523437,C1523437
C1523452,C1523452
C1523454,C1523454
C1523485,C1523485
C1523644,C1523644
C5450897,C5450897
C1523832,C1523832
C1523851,C1523851
C1523897,C1523897
C1523904,C1523904
C1527224,C1527224
C2703091,C2703091
C1528551,C1528551
C1528573,C1528573
C5201249,C5201249
C1533729,C1533729
C1541538,C1541538
C1541292,C1541292
C1541296,C1541296
C2980074,C1832054
C1832054,C2980074
C1541473,C1541473
C1541584,C1541584
C1563015,C1563015
C1667080,C1565750
C1565750,C1667080
C1566038,C1566038
C1570187,C1570187
C1570777,C1570777
C1615605,C1615605
C1621384,C1621384
C1621428,C1621428
C1621451,C1621451
C1621452,C1621452
C1621454,C1621454
C1621457,C1621457
C1621468,C1621468
C1621493,C1621493
C2754424,C2754424
C1621936,C1621936
C1657280,C1657280
C1622009,C1622009
C1622013,C1622013
C1622033,C1622033
C1622034,C1622034
C1622045,C1622045
C1622058,C1622058
C1622103,C1622103
C1622117,C1622117
C1622378,C1622378
C1622539,C1622539
C1622550,C1622550
C1622554,C1622554
C1622555,C1622555
C1622556,C1622556
C1622579,C1622579
C1622582,C1622582
C1622583,C1622583
C1622592,C1622592
C1622597,C1622597
C1622598,C1622598
C1622599,C1622599
C1622600,C1622600
C1622742,C1622742
C1622890,C1622890
C1623072,C1623072
C1623087,C1623087
C1623089,C1623089
C1623109,C1623109
C1623115,C1623115
C1623118,C1623118
C1623119,C1623119
C1623121,C1623121
C1623128,C1623128
C1623152,C1623152
C1623204,C1623204
C1623504,C1623504
C1624033,C1624033
C1624596,C1624596
C1625147,C1625147
C1629281,C1629281
C1654772,C1654772
C1654773,C1654773
C1654926,C1654926
C1655239,C1655239
C1655756,C1655756
C1656399,C1656399
C1656746,C1656746
C1658411,C1658411
C1656761,C1656761
C1656932,C1656932
C1656941,C1656941
C1656948,C1656948
C1656955,C1656955
C1656984,C1656984
C1657226,C1657226
C1657228,C1657228
C1657787,C1657787
C1657453,C1657453
C1657998,C1657998
C1659597,C1659597
C1658118,C1658118
C1658400,C1658400
C1658412,C1658412
C1658586,C1658586
C1658612,C1658612
C1658980,C1658980
C1659114,C1659114
C1659174,C1659174
C1659596,C1659596
C1660209,C1660209
C1660210,C1660210
C1660252,C1660252
C1660268,C1660268
C1660771,C1660771
C1660778,C1660778
C2347699,C2347699
C1667749,C1667749
C1675748,C1675748
C1684405,C1699150
C1699150,C1684405
C1688515,C1688515
C1690444,C1690444
C2939773,C2825462
C1700095,C1700095
C1705207,C1705207
C1707844,C1707844
C1708344,C1708344
C1721300,C1721300
C1721602,C1721602
C3274546,C3274546
C1739687,C1739687
C1741609,C2987723
C2987723,C1741609
C1744513,C1744513
C3893269,C3893269
C1744663,C1744663
C1744691,C1744691
C1749448,C1749448
C1749476,C1749476
C1749495,C1749495
C1749769,C1749769
C1820163,C1749797
C1751161,C1751161
C1751394,C1751394
C1752470,C1752470
C1753058,C1753058
C1753129,C1753129
C1818667,C1818667
C1816450,C1816450
C1816609,C1816609
C1816626,C1816626
C2259761,C2259761
C1817016,C5672650
C5672650,C1817016
C1817055,C1817055
C1817237,C1817237
C1817265,C1817265
C1817295,C1817295
C1817539,C1817539
C1817560,C1817560
C1818542,C1818542
C1818615,C1818615
C1819023,C1819023
C1819326,C1819326
C1819913,C1819913
C1819914,C1819914
C1819916,C1819916
C1819917,C1819917
C1819918,C1819918
C1819919,C1819919
C5815178,C1819963
C1819963,C5815178
C1820019,C1820019
C1820119,C1820119
C4724081,C4724081
C1831726,C1831726
C1831729,C1831729
C1831780,C1831780
C1831810,C1831810
C1831892,C1831892
C1831893,C1831893
C4048807,C1831896
C4048807,C4048807
C1831896,C4048807
C1831909,C1831909
C1831930,C1831930
C1831969,C1831969
C1831974,C1831974
C1831974,C4746084
C4746084,C1831974
C1831996,C1831996
C1832002,C1832002
C1832011,C1832011
C1832014,C1832014
C1832015,C1832015
C3888078,C1832016
C1832016,C3888078
C1832023,C1832023
C4048796,C4048796
C1832037,C1832037
C1834341,C1834341
C1836599,C1836599
C1839739,C1839739
C1840235,C1840235
C1840535,C1840535
C1841648,C1841648
C1844689,C1844689
C1845847,C1845847
C1846423,C1846423
C1846438,C1846438
C1847392,C1847392
C1848103,C1848103
C4520843,C4520843
C1849953,C1849953
C1855794,C1855794
C1856019,C1856019
C1857949,C1857949
C1859882,C1859882
C1860050,C1860050
C1860816,C1860816
C1863317,C1863317
C1863351,C1863351
C1865017,C1865017
C1865598,C1865598
C1866510,C1866510
C4505291,C1868690
C1869412,C1869412
C1870425,C1870425
C4048804,C4048804
C2348031,C2348031
C1879517,C1879517
C1879520,C1879520
C1879521,C2987633
C2987633,C1879521
C1879525,C1879525
C1879913,C1879913
C1879965,C1879965
C1880433,C1880433
C1881108,C1881108
C1881890,C1881890
C1882256,C1882256
C2987364,C1882931
C1882931,C2987364
C2351038,C2351038
C1957161,C1957161
C1958472,C1958472
C1999759,C1999759
C4086257,C4086257
C2001522,C2001522
C2002402,C2002402
C2053440,C2053440
C2169795,C2169795
C2183966,C2183966
C2243051,C2243051
C2244327,C2244327
C4329162,C4329162
C2244501,C2244501
C2248043,C2245021
C2245021,C2248043
C2245792,C2245792
C2246353,C2246353
C2246411,C2246411
C2246412,C2246412
C3271246,C3271246
C3271247,C3271247
C2246419,C2246419
C3271248,C3271248
C3271249,C3271249
C2246425,C2246425
C3266931,C3266931
C2246489,C2246489
C2246548,C2246548
C2246553,C2246553
C2246554,C2246554
C2754376,C2754376
C2247058,C2247058
C2247288,C2247288
C2247388,C2247388
C2247515,C2247515
C2247535,C2247535
C2247540,C2247540
C2247584,C2247584
C2247630,C2247630
C2247837,C2247837
C2247949,C2247949
C2247950,C2247950
C2247959,C2247959
C2247958,C2247958
C2247960,C2247960
C2247962,C2247962
C3271284,C3271284
C2248030,C2248030
C2248065,C2248065
C2980085,C2980085
C2248632,C2248632
C2248654,C2248654
C2248692,C2248692
C2266800,C2266800
C2266806,C2266806
C2266799,C2266799
C2248752,C2248752
C2248778,C2248778
C2248780,C2248780
C2248811,C2248811
C2248821,C2248821
C2248825,C2248825
C2248829,C2248829
C2248844,C2248844
C2249100,C2249100
C2249170,C2249170
C2249677,C2249677
C2250567,C2250567
C2250882,C2250882
C2251511,C2251511
C2266625,C2266625
C2252873,C2252873
C2252989,C2252989
C2253018,C2253018
C2253589,C2253589
C2255091,C2255091
C2255595,C2255595
C2256322,C2256322
C2257651,C2257651
C2257702,C2257702
C2257889,C2257889
C2259674,C2259674
C2259675,C2259675
C2259743,C2259743
C2259821,C2259821
C2260392,C2260392
C2261825,C2261825
C2261843,C2261843
C2262315,C2262315
C2262510,C2262509
C2262509,C2262510
C2262568,C2262568
C2262563,C2262563
C2262577,C2262577
C2262737,C2262737
C3271708,C3271708
C2263084,C2263084
C2263270,C2263270
C2263521,C2263521
C2263709,C2263709
C2264790,C2264790
C2265246,C2265246
C2265291,C2265291
C2265293,C2265293
C2265451,C2265451
C2265515,C2265515
C2265580,C2265580
C2265581,C2265581
C2754572,C2754572
C2266141,C2266141
C2266415,C2266415
C2266615,C2266615
C2315229,C2315229
C2346234,C4282270
C4282270,C2346234
C2346450,C2346450
C2346454,C2346454
C2346463,C2346463
C2346475,C2346475
C2346560,C2346560
C2346611,C2346611
C2346687,C2346687
C2346794,C2346794
C2346795,C2346795
C2717021,C4731858
C4731858,C2717021
C2346800,C3815932
C3815932,C2346800
C2346805,C2346805
C2346816,C2346816
C2346836,C2346836
C2346875,C2987636
C2987636,C2346875
C2346876,C2346876
C2346877,C2346877
C2346878,C2346878
C2346908,C2346908
C2346911,C2346911
C2346913,C2346913
C2347169,C2347169
C2347210,C2347210
C2347249,C2347249
C2347292,C5442028
C5442028,C2347292
C2347330,C2347330
C2347424,C2347424
C2347426,C2347426
C2347428,C2347428
C2347443,C2347443
C2347460,C2347460
C2347523,C2347523
C2347529,C2347529
C2347544,C2347544
C2347618,C2347618
C2347623,C2347623
C2347742,C2347742
C2347903,C2347903
C2347905,C2347905
C2347949,C2347949
C2348034,C2348034
C2348115,C2348115
C2348117,C2348117
C2742262,C2742262
C2348179,C2348179
C2348191,C2348191
C2348194,C2348194
C2348352,C2348352
C2348411,C2348411
C2348442,C2348442
C2348466,C2348466
C2348637,C2348637
C2348698,C2348698
C2348722,C2348722
C2348768,C2348768
C2348772,C2348772
C2348842,C2348842
C2348906,C4080092
C4080092,C2348906
C2348996,C2348996
C2348999,C2348999
C2349000,C2349000
C2350989,C2350989
C2351141,C2351141
C2351370,C2351370
C2353146,C3642459
C3642459,C2353146
C2353170,C2353170
C2355268,C2355268
C2603824,C2603824
C3489718,C3489718
C2604387,C2604387
C2605865,C2605865
C5440671,C2607219
C2607234,C3467824
C3467824,C2607234
C2607579,C2607579
C2607869,C2607869
C2610317,C2610317
C2610329,C2610329
C2610460,C2610460
C2610462,C2610462
C2610464,C2610464
C2754547,C2754547
C2610468,C2610468
C2610470,C2610470
C2610472,C2610472
C2610501,C2610501
C2753678,C2753678
C2610640,C2610640
C2610671,C2610671
C2610698,C2610698
C2610854,C2610854
C2610886,C2610886
C3268800,C3268800
C2610891,C2610891
C2610892,C2610892
C2610893,C2610893
C2610895,C2610895
C2610925,C2610925
C2610927,C2610927
C3268801,C3268801
C2610934,C2610934
C2610936,C2610936
C2610937,C2610937
C2610938,C2610938
C2610940,C2610940
C2610958,C2610958
C2610990,C2610990
C2610991,C2610991
C2610993,C2610993
C2611072,C2611072
C2611075,C2611075
C2611146,C2611146
C2611169,C2611169
C2611536,C2611536
C2611555,C2611555
C2611654,C2611654
C2611803,C2611803
C2611951,C2611951
C2611952,C2611952
C2611953,C2611953
C2611954,C2611954
C2611955,C2611955
C2611956,C2611956
C2611957,C2611957
C2611958,C2611958
C2611959,C2611959
C2611960,C2611960
C2611961,C2611961
C2611962,C2611962
C2612193,C2612193
C2612339,C2612339
C2612420,C2612420
C4329159,C2612488
C2612488,C4329159
C2612491,C2612491
C2612492,C2612492
C2612493,C2612493
C2612494,C2612494
C2612496,C2612496
C2612512,C2612512
C2612514,C2612514
C2612516,C2612516
C2612518,C2612518
C2612607,C2612607
C2612932,C2612932
C2612933,C2612933
C2612935,C2612935
C2613307,C2613307
C2613421,C2613421
C2675021,C2675021
C2677180,C2677180
C2678330,C2678330
C2697640,C2697640
C4330468,C4330468
C2697652,C2697652
C2697920,C2697920
C2697998,C2697998
C2698125,C2698125
C2698142,C2698142
C2698151,C2698151
C2698199,C2698199
C2698199,C4721959
C4721959,C2698199
C2698699,C2698699
C2703181,C2698841
C2698841,C2703181
C2698898,C2698898
C2699316,C2699316
C2703199,C2699571
C2699571,C2703199
C2700006,C2700006
C2703086,C2700009
C2700009,C2703086
C2700264,C2700264
C2700624,C2700624
C4519167,C4519167
C2703092,C3253046
C3253046,C2703092
C2703094,C2703094
C2703096,C2703096
C5442039,C5442039
C2703107,C2703107
C2703118,C2703118
C4721965,C4721965
C2703121,C2703121
C2703125,C2703125
C2703134,C2703134
C2703139,C2703139
C2703165,C2703165
C2703172,C2703172
C2703178,C2703178
C2703182,C2703182
C2703183,C2703183
C2703201,C2703201
C2703208,C2703208
C2703210,C2703210
C2703211,C4519162
C4519162,C2703211
C2742210,C2742210
C2742218,C2742218
C2742503,C2742503
C2744793,C2744793
C2745276,C2745276
C2745423,C2745423
C2749161,C2749161
C2752257,C2752257
C2752552,C2752552
C2752558,C2752558
C2752607,C2752607
C2752732,C2752732
C2752744,C2752744
C2752753,C2752753
C2752759,C2752759
C2752760,C2752760
C2752764,C2752764
C2752769,C2752769
C2752770,C2752770
C2752837,C2752837
C2752891,C2752891
C2752954,C2752954
C2752956,C2752956
C2753305,C2753305
C2753310,C2753310
C2753314,C2753314
C2753315,C2753315
C2754506,C2754506
C2753332,C2753332
C2753333,C2753333
C2753375,C2753375
C2753376,C2753376
C2753377,C2753377
C2753428,C2753428
C2753429,C2753429
C2753450,C2753450
C2753476,C2753476
C2753477,C2753477
C2753478,C2753478
C2753500,C2753500
C2828390,C2828390
C2753501,C2753501
C2753504,C2753504
C2753674,C2753674
C2753675,C2753675
C2753842,C2753842
C2753843,C2753843
C2753845,C2753845
C2753846,C2753846
C2753847,C2753847
C2753848,C2753848
C2753855,C2753855
C2753868,C2753868
C2753891,C2753891
C2754003,C2754003
C2754314,C2754314
C2754315,C2754315
C2754316,C2754316
C2754317,C2754317
C2754318,C2754318
C2754319,C2754319
C2754320,C2754320
C2754321,C2754321
C2754322,C2754322
C2754323,C2754323
C2754324,C2754324
C2754325,C2754325
C2754326,C2754326
C2754327,C2754327
C2754328,C2754328
C2754329,C2754329
C2754330,C2754330
C2754331,C2754331
C2754332,C2754332
C2754333,C2754333
C2754334,C2754334
C2754335,C2754335
C2754336,C2754336
C2754337,C2754337
C2754338,C2754338
C2754339,C2754339
C2754340,C2754340
C2754354,C2754354
C2754355,C2754355
C2754356,C2754356
C2754357,C2754357
C2754386,C2754386
C2754387,C2754387
C2754388,C2754388
C2754389,C2754389
C2754390,C2754390
C2754391,C2754391
C2754392,C2754392
C2754393,C2754393
C2754412,C2754412
C2754416,C2754416
C2754418,C2754418
C2754450,C2754450
C2754462,C2754462
C2754471,C2754471
C2754472,C2754472
C2754499,C2754499
C2754500,C2754500
C2754504,C2754504
C2754507,C2754507
C2754535,C2754535
C2754559,C2754559
C2754568,C2754568
C2754636,C2754636
C2754674,C2754674
C2754751,C2754751
C2754762,C2754762
C2754781,C2754781
C2754799,C2754799
C2754831,C2754831
C2754930,C2754930
C2754989,C2754989
C2754998,C2754998
C2755005,C2755005
C2755007,C2755007
C2755056,C2755056
C2755057,C2755057
C2755058,C2755058
C2755063,C2755063
C2755154,C2755154
C2755349,C2755349
C2755753,C2755753
C5379811,C5379811
C2755895,C2755895
C2755896,C2755896
C2755897,C2755897
C2825089,C2825089
C2825220,C2825220
C2825237,C2825237
C2825462,C2939773
C4762645,C2825616
C2825616,C4762645
C2826110,C2826110
C2826133,C2826133
C2826134,C2826134
C2826153,C2826153
C2826371,C2826371
C2826393,C2826393
C2827515,C2827515
C2827517,C2827517
C2827519,C2827519
C2827520,C2827520
C2827524,C2827524
C2827525,C2827525
C2827528,C2827528
C2827529,C2827529
C2827532,C2827532
C2827535,C2827535
C2827536,C2827536
C2827554,C2827554
C2827670,C2827670
C2827697,C2827697
C2828266,C2828266
C2830051,C2830051
C2830064,C2830064
C2830066,C3898565
C3898565,C2830066
C2830071,C2830071
C2830086,C2830086
C2830088,C2830088
C2830127,C2830127
C2830135,C2830135
C2830138,C2830138
C2830219,C2830219
C2987421,C2987421
C2933427,C2933427
C4033631,C4033631
C3848666,C2934193
C2934193,C3848666
C2934873,C2934873
C2973480,C2973480
C2973594,C2973594
C2974542,C2974542
C2976183,C2984209
C2984209,C2976183
C2976524,C2976524
C2981232,C2981232
C2981793,C2981793
C2981794,C2981794
C2981795,C2981795
C2981796,C2981796
C2981800,C2981800
C2981801,C2981801
C2981806,C2981806
C2981808,C2981808
C2981812,C2981812
C2981818,C2981818
C3254591,C3254591
C2981819,C2981819
C2981823,C2981823
C4521107,C4521107
C2981828,C2981828
C2981831,C2981831
C2981838,C2981838
C2981839,C2981839
C2981841,C2981841
C2981842,C2981842
C4727823,C4727823
C2981844,C2981844
C2981849,C2981849
C2981856,C2981856
C2981861,C2981861
C2981865,C2981865
C2983728,C2983728
C2983745,C2983745
C2983750,C2983750
C2983752,C2983752
C2983756,C2983756
C4329347,C4329347
C2983763,C2983763
C2983773,C2983773
C2983774,C2983774
C2983776,C2983776
C2983778,C2983778
C2983782,C2983782
C2983787,C2983787
C2983788,C2983788
C2983789,C2983789
C2983792,C2983792
C2984015,C2984015
C2984018,C2984018
C2984020,C2984020
C2984022,C2984022
C2984026,C2984026
C2984030,C2984030
C2984033,C2984033
C2984036,C2984036
C2984037,C2984037
C2984198,C2984198
C2984202,C2984202
C2984205,C2984205
C3490100,C3490100
C2984207,C2984207
C2984208,C2984208
C2984210,C2984210
C2984214,C2984214
C2984500,C2984500
C2984506,C2984506
C2984514,C2984514
C2984515,C2984515
C2984517,C2984517
C2984519,C2984519
C2984520,C2984520
C2984527,C2984527
C2985180,C2985180
C2985184,C2985184
C2985186,C2985186
C2985195,C2985195
C2985197,C2985197
C2985200,C2985200
C2985201,C2985201
C2986391,C2986391
C2986392,C2986392
C2986393,C2986393
C2986394,C2986394
C2986404,C2986404
C2986406,C2986406
C2986409,C2986409
C2986410,C2986410
C2986853,C2986853
C2986855,C2986855
C2986988,C2986988
C2986989,C2986989
C2986990,C2986990
C2986991,C2986991
C2986993,C2986993
C2986999,C2986999
C2987340,C2987340
C2987341,C2987341
C2987343,C2987343
C2987347,C2987347
C2987348,C2987348
C2987349,C2987349
C2987372,C2987372
C2987373,C2987373
C3896916,C3896916
C3896918,C3896918
C2987383,C2987383
C2987385,C2987385
C2987387,C2987387
C2987388,C2987388
C2987389,C2987389
C2987390,C2987390
C2987391,C2987391
C2987404,C2987404
C2987407,C2987407
C4722379,C4722379
C2987410,C2987410
C2987455,C2987455
C3152021,C3152021
C3152111,C3152111
C3155408,C3155408
C3155478,C3155478
C3155595,C3155595
C3155831,C3155831
C3155832,C3155832
C3155833,C3155833
C3155904,C3155904
C3156048,C3156048
C3156074,C3156074
C3161028,C3161028
C3156089,C3156089
C3156099,C3156099
C3156262,C3156262
C3156263,C3156263
C3156264,C3156264
C3156335,C3156335
C3156549,C3156549
C3156636,C3156636
C3156791,C3156791
C3157080,C3157080
C3157086,C3157086
C3157087,C3157087
C3157088,C3157088
C3157169,C3157169
C3157250,C3157250
C3157251,C3157251
C3157252,C3157252
C3157253,C3157253
C3157254,C3157254
C3157255,C3157255
C3157451,C3157451
C3157452,C3157452
C3157453,C3157453
C3157554,C3157554
C3157555,C3157555
C3157556,C3157556
C3157864,C3157864
C3157866,C3157866
C3157868,C3157868
C3157870,C3157870
C3157873,C3157873
C3157876,C3157876
C3157990,C3157990
C3157991,C3157991
C3157992,C3157992
C3157993,C3157993
C3157994,C3157994
C3157995,C3157995
C3157996,C3157996
C3157997,C3157997
C3157998,C3157998
C3158103,C3158103
C3822609,C3822609
C3158105,C3158105
C3158617,C3158617
C3158618,C3158618
C3158619,C3158619
C3158620,C3158620
C3158621,C3158621
C3158622,C3158622
C3158623,C3158623
C3158686,C3158686
C3158780,C3158780
C3159085,C3159085
C3159108,C3159108
C3159114,C3159114
C3159206,C3159206
C3159216,C3159216
C5887034,C5887034
C3159217,C3159217
C3159226,C3159226
C3177388,C3177388
C3177463,C3177463
C3177718,C3177718
C3179325,C3179325
C3180480,C3888351
C3888351,C3180480
C3180849,C3180849
C3180910,C3896943
C3896943,C3180910
C4740770,C3185082
C3252350,C3252350
C3252354,C3252354
C3252423,C3252423
C4722390,C4552071
C3253799,C3253799
C3253915,C3274747
C3274747,C3253915
C3256060,C3256060
C3266933,C3266933
C3268368,C3268368
C3268447,C3268447
C3268480,C3268480
C5779755,C5779755
C3268660,C3268660
C3268747,C3268747
C3268844,C3268844
C3549386,C3268857
C3268857,C3549386
C3268914,C3268914
C3268926,C3268926
C3268937,C3268937
C3268975,C3268975
C3268984,C3268984
C3269099,C3269099
C3269210,C3269210
C3269240,C3269240
C3269241,C3269241
C3269242,C3269242
C3269277,C3269276
C3269276,C3269277
C3269281,C3269280
C3269280,C3269281
C3269446,C3269446
C3269536,C3269536
C3269574,C3269574
C3269638,C3269638
C3269639,C3269639
C3269644,C3269644
C3269698,C3269698
C3269772,C3269772
C3269773,C3269773
C3269779,C3269779
C3269782,C3269782
C3269803,C3269803
C3269806,C3269806
C3269809,C3269809
C3269810,C3269810
C3269813,C3269813
C3269836,C3269836
C3269843,C3269843
C3269846,C3269846
C3269868,C3269868
C3269932,C3269932
C3269956,C3269956
C3269987,C3269987
C3270620,C3270620
C3270744,C3270744
C3270745,C3270745
C3270746,C3270746
C3271087,C3271087
C3271090,C3271090
C3271327,C3271327
C3271705,C3271705
C3271766,C3271766
C3271767,C3271767
C3271791,C3271791
C3271792,C3271792
C3271863,C3271863
C3271864,C3271864
C3271865,C3271865
C3271866,C3271866
C3271872,C3271872
C3271878,C3271878
C3271902,C3271902
C3271910,C3271910
C3271929,C3271929
C3272117,C3272117
C3272123,C3272123
C3272129,C3272129
C3272182,C3272182
C3272332,C3272332
C3272412,C3272412
C3272413,C3272413
C3272416,C3272416
C3272417,C3272417
C3272418,C3272418
C3272507,C3272507
C3272509,C3272509
C3272652,C3272652
C3272653,C3272653
C3272654,C3272654
C3272658,C3272658
C3272773,C3272773
C3272775,C3272775
C3272993,C3272993
C3272999,C3272999
C3273001,C3273001
C3273002,C3273002
C3273038,C3273038
C3273042,C3273042
C3273043,C3273043
C3642455,C3642455
C3273207,C3273207
C3273208,C3273208
C3273246,C3273246
C3273249,C3273249
C3273307,C3273307
C3273367,C3273367
C3273454,C3273454
C3273459,C3273459
C3273464,C3273464
C3273553,C3273553
C3273554,C3273554
C3273557,C3273557
C3273693,C3273693
C3273694,C3273694
C3273700,C3273700
C3273716,C3273716
C3273718,C3273718
C3273720,C3273720
C3273722,C3273722
C3273724,C3273724
C3273725,C3273725
C3273826,C3273826
C3273933,C3273933
C3273938,C3273938
C3273941,C3273941
C3273945,C3273945
C3273946,C3273946
C3273947,C3273947
C3274460,C3274460
C3274468,C3274468
C3274468,C4054273
C4054273,C3274468
C3274547,C3274547
C4086509,C3851180
C3274555,C3274555
C3274562,C3274562
C3274575,C3274575
C3274579,C3274579
C3274586,C3274586
C3274618,C3274618
C3274620,C3274620
C4079854,C4079854
C3274703,C3274703
C3274705,C3274705
C3274746,C3274746
C3274844,C3274844
C3274907,C3274907
C4733326,C4733326
C3274914,C3274914
C3275035,C3275035
C3275039,C3275039
C3277019,C3277019
C3489770,C3489770
C3490133,C3490133
C3490747,C3490747
C3490787,C3490787
C3490973,C3490973
C3491291,C3491291
C3491291,C3886769
C3886769,C3491291
C3491576,C3491576
C3491922,C3491922
C3492634,C3492634
C3493020,C3493020
C3501119,C3501119
C3501154,C3501154
C3501337,C3501337
C4541381,C4541381
C3501972,C3501972
C3502775,C3502775
C3502779,C3502779
C3502778,C3502778
C4724858,C4724858
C3530053,C3530053
C3530086,C3530086
C3530137,C3530137
C3537205,C3537205
C3539510,C3539510
C3539513,C3539513
C3541466,C3541466
C3544398,C3544398
C3544795,C3544795
C3544836,C3544836
C3547386,C3544982
C3547386,C3547386
C3544982,C3547386
C3544983,C3544983
C3544983,C3544984
C3544984,C3544983
C4328008,C3545007
C3545007,C4328008
C3545112,C3545112
C3545234,C3545234
C3545234,C3545235
C3545235,C3545234
C3545236,C3545236
C3545236,C3545238
C3545238,C3545236
C3547676,C3547676
C3547682,C3547682
C3547773,C3547773
C3545374,C3545374
C3547775,C3547775
C3547777,C3547777
C3547778,C3547778
C3548125,C3548125
C3545914,C3545914
C3545915,C3545915
C3545985,C3545985
C3546208,C3546208
C3548931,C3548931
C3546401,C3546401
C3546406,C3546406
C3546929,C3546929
C3547167,C3547167
C3547342,C3547342
C3547430,C3547430
C3547678,C3547678
C3547686,C3547686
C3547774,C3547774
C3547776,C3547776
C3548181,C3548181
C3548461,C3548461
C3548517,C3548517
C3548566,C3548566
C3548588,C3548588
C3548630,C3548630
C3548657,C3548657
C3548954,C3548954
C3554618,C3554618
C3639092,C3639092
C3639093,C3639093
C3639999,C3639999
C3640059,C3640059
C3640094,C3640094
C3640095,C3640095
C4722502,C4722502
C3640099,C3640099
C3640124,C3640124
C3852612,C3852612
C3640127,C3640127
C4053585,C4053585
C3640130,C3640130
C3640131,C3640131
C3640133,C3640133
C3640212,C4083253
C4083253,C3640212
C3640215,C3640215
C3640217,C3640217
C3853921,C3853921
C3640223,C3640223
C3640297,C3640297
C3640798,C3640798
C3640930,C3640930
C3640932,C3640932
C3640933,C3640933
C3640933,C3896724
C3896724,C3640933
C3640947,C3640947
C3640967,C3640966
C3640966,C3640967
C3640968,C3640968
C3640970,C3640970
C3641005,C3641005
C3641123,C3641123
C3641174,C3641174
C4287731,C4287731
C3641186,C3641186
C3641624,C3641624
C3641629,C3641629
C3641630,C3641630
C3641656,C3641656
C3641658,C3641658
C3641660,C3641660
C3641662,C3641662
C3641664,C3641664
C3641665,C3641665
C3641684,C3641684
C3641715,C3641715
C3641720,C3641720
C3641731,C3641731
C3641737,C3641737
C3641742,C3641742
C3641749,C3641749
C3641750,C3641750
C3641862,C3641862
C3641863,C3641863
C3641864,C3641864
C3641943,C3641943
C3642150,C3642150
C3642262,C3642262
C3642266,C3642266
C3642419,C3642419
C3656970,C3656970
C4764790,C3657824
C3657824,C4764790
C3658472,C3658472
C3658612,C3658612
C3658638,C3658638
C3658706,C3658706
C3658787,C3658787
C5241920,C3659310
C3659310,C5241920
C4519218,C4519218
C3660685,C3660685
C3660728,C3660728
C4287799,C4287799
C3661262,C3661262
C3661318,C3661318
C3710983,C3827072
C3827072,C3710983
C3827072,C3827072
C3711165,C3711165
C3712029,C3712029
C3713906,C4317900
C3713514,C3713514
C4317900,C3713906
C3713994,C3713994
C3714805,C3714805
C3714929,C3714929
C3811054,C3811054
C3811628,C3811628
C3827058,C3827058
C3813201,C3813201
C3813563,C3813563
C3813584,C3813584
C3820590,C3820590
C3820595,C3820595
C3821138,C3821138
C3821142,C3821142
C3821181,C3821181
C3821182,C3821182
C3821199,C3821199
C3821200,C3821200
C4328006,C3821473
C3821473,C4328006
C3821521,C3821521
C3821546,C3821546
C3821647,C3821647
C3821673,C3821673
C3821679,C3821679
C3821688,C3821688
C3821784,C3821784
C3821852,C3821852
C3821866,C3821866
C3821893,C3821893
C3821898,C3821898
C3821907,C3821907
C3821911,C3821911
C3821950,C3821950
C3821956,C3821956
C3822066,C3822066
C3822076,C3822076
C3822179,C3822179
C3822366,C3822366
C3822740,C3822740
C3822765,C3822765
C3823192,C3823192
C3824462,C3824462
C3826976,C3826976
C3826984,C3826984
C3826989,C3826989
C3827001,C3827001
C5139926,C5139926
C3827054,C3827054
C3827055,C3827055
C3827056,C3827056
C3827057,C3827057
C3827059,C3827059
C3827060,C3827060
C3827061,C3827061
C3827062,C3827062
C3827063,C3827063
C3827064,C3827064
C3827065,C3827065
C3827067,C3827067
C3827070,C3827070
C3827071,C3827071
C3827073,C3827073
C3827074,C3827074
C3827075,C3827075
C3827076,C3827076
C3827080,C3827080
C4279851,C3827081
C3827081,C3827081
C3827081,C4279851
C3827083,C3827083
C3827085,C3827085
C3827086,C3827086
C3827087,C3827087
C3827089,C3827089
C3827090,C3827090
C3827092,C3827092
C3827094,C3827094
C3827097,C3827097
C3827098,C3827098
C3827099,C3827099
C3827100,C3827100
C3827101,C3827101
C3827102,C3827102
C3827103,C3827103
C3827104,C3827104
C3827105,C3827105
C4724801,C4724801
C3827107,C3827107
C3827108,C3827108
C3827109,C3827109
C3827110,C3827110
C3827111,C3827111
C3827112,C3827112
C3827114,C3827114
C3827115,C3827115
C3827116,C3827116
C3827117,C3827117
C3827118,C3827118
C3827119,C3827119
C3827120,C3827120
C3827121,C3827121
C3827123,C3827123
C3827124,C3827124
C3827126,C3827126
C3827127,C3827127
C3827129,C3827129
C3827130,C3827130
C3827132,C3827132
C3827133,C3827133
C3827135,C3827135
C4724798,C4724798
C3827137,C3827137
C3827138,C3827138
C3827139,C3827139
C3827140,C3827140
C3827144,C3827144
C3827145,C3827145
C3827146,C3827146
C3827147,C3827147
C3827148,C3827148
C3827151,C3827151
C3827154,C3827154
C3827156,C3827156
C3827157,C3827157
C3827158,C3827158
C3827159,C3827159
C3827160,C3827160
C3827161,C3827161
C3827162,C3827162
C3827163,C3827163
C4053618,C4053618
C3827165,C3827165
C3827166,C3827166
C3827167,C3827167
C3827170,C3827170
C3827173,C3827173
C3827174,C3827174
C4331950,C4331950
C3827197,C3827197
C3830093,C3830093
C3850088,C3850088
C3851031,C3851031
C3851180,C4086509
C3852521,C3852521
C3852556,C3852556
C3852614,C3852614
C3852743,C3852743
C3852853,C3852853
C3853844,C3853844
C3885063,C3885063
C3886697,C3886697
C3887640,C3887640
C3888047,C3888047
C3888108,C3888108
C3889565,C3889565
C3889566,C3889566
C3889567,C3889567
C3889568,C3889568
C3889569,C3889569
C3889731,C3889731
C3890037,C3890037
C3890038,C3890038
C3890039,C3890039
C3890040,C3890040
C3890041,C3890041
C3890171,C3890171
C3893559,C3893559
C3890172,C3890172
C3890173,C3890173
C3890362,C3890362
C3891304,C3891304
C3891455,C3891455
C3891816,C3891816
C3893403,C3893403
C3893556,C3893556
C3893558,C3893558
C3893575,C3893575
C3893582,C3893582
C3893583,C3893583
C3893585,C3893585
C3893588,C3893588
C3893589,C3893589
C3893601,C3893601
C3893602,C3893602
C3893608,C3893608
C3893636,C3893636
C3893637,C3893637
C3893696,C3893696
C3893826,C3893826
C3893896,C3893896
C3893903,C3893903
C3893950,C3893950
C3893958,C3893958
C3893959,C3893959
C3893966,C3893966
C3893990,C3893990
C3894012,C3894012
C3894024,C3894024
C3894032,C3894032
C3894054,C3894054
C3894064,C3894064
C3894096,C3894096
C3894097,C3894097
C3894100,C3894100
C3894104,C3894104
C3894122,C3894122
C3894124,C3894124
C3894134,C3894134
C3894135,C3894135
C3894146,C3894146
C3894183,C3894183
C3894426,C3894426
C3894454,C3894454
C3894513,C3894513
C3894992,C3894992
C3895105,C3895105
C3895106,C3895106
C3895109,C3895109
C3895209,C3895209
C3895221,C3895221
C3895330,C3895330
C3895671,C3895671
C3895677,C3895677
C3895894,C3895894
C3895928,C3895928
C3895929,C3895929
C3895932,C3895932
C3895975,C3895975
C3896026,C3896026
C3896099,C3896099
C3896800,C3896800
C3896714,C3896921
C3896921,C3896714
C3896921,C3896921
C3896726,C3896726
C3896727,C3896727
C3896728,C3896728
C3896729,C3896729
C3896731,C3896731
C3896732,C3896732
C3896733,C3896733
C3896736,C3896736
C3896737,C3896737
C3896740,C3896740
C3896741,C3896741
C3896742,C3896742
C3896743,C3896743
C3896746,C3896746
C3896749,C3896749
C3896750,C3896750
C3896830,C3896830
C3896752,C3896752
C3896754,C3896754
C3896755,C3896755
C3896758,C3896758
C3896760,C3896760
C3896761,C3896761
C3896763,C3896763
C3896764,C3896764
C3896765,C3896765
C3896766,C3896766
C3896767,C3896767
C3896768,C3896768
C3896769,C3896769
C3896809,C3896809
C3896771,C3896771
C3896772,C3896772
C3896775,C3896775
C3896776,C3896776
C3896778,C3896778
C3896854,C3896854
C3896781,C3896781
C3896783,C3896783
C3896785,C3896785
C3896786,C3896786
C3896787,C3896787
C3896788,C3896788
C3896789,C3896789
C3896789,C4049147
C4049147,C3896789
C3896791,C3896791
C3896794,C3896794
C3896795,C3896795
C3896796,C3896796
C3896797,C3896797
C3896798,C3896798
C3896799,C3896799
C3896801,C3896801
C3896803,C3896803
C3896805,C3896805
C3896807,C3896807
C3896808,C3896808
C3896810,C3896810
C3896811,C3896811
C3896814,C3896814
C3896815,C3896815
C3896817,C3896817
C3896818,C3896818
C3896820,C3896820
C3896821,C3896821
C3896822,C3896822
C3896824,C3896824
C3896826,C3896826
C3896827,C3896827
C3896831,C3896831
C3896832,C3896832
C3896833,C3896833
C3896834,C3896834
C3896835,C3896835
C3896839,C3896839
C3896840,C3896840
C3896842,C3896842
C3896843,C3896843
C3896844,C3896844
C3896845,C3896845
C3896846,C3896846
C3896847,C3896847
C3896848,C3896848
C3896849,C3896849
C3896850,C3896850
C3896851,C3896851
C3896852,C3896852
C3896853,C3896853
C3896855,C3896855
C3896857,C3896857
C3896859,C3896859
C3896860,C3896860
C3896862,C3896862
C3896863,C3896863
C3896864,C3896864
C3896866,C3896866
C3896867,C3896867
C3896868,C3896868
C3896869,C3896869
C3896870,C3896870
C3896871,C3896871
C3896872,C3896872
C3896874,C3896874
C3896876,C3896876
C3896877,C3896877
C3896879,C3896879
C3896882,C3896882
C3896901,C3896901
C3896886,C3896886
C3896888,C3896888
C3896889,C3896889
C3896891,C3896891
C3896892,C3896892
C3896895,C3896895
C3896896,C3896896
C3896897,C3896897
C3896898,C3896898
C3896899,C3896899
C3896900,C3896900
C3896902,C3896902
C3896903,C3896903
C3896904,C3896904
C3896904,C4053691
C4053691,C3896904
C3896905,C3896905
C3896907,C3896907
C3896908,C3896908
C3896909,C3896909
C3896910,C3896910
C3896911,C3896911
C3896913,C3896913
C3896915,C3896915
C3896917,C3896917
C3896920,C3896920
C3896922,C3896922
C3896923,C3896923
C3896924,C3896924
C3896925,C3896925
C3896927,C3896927
C3896929,C3896929
C3896930,C3896930
C3896932,C3896932
C3896935,C3896935
C3897258,C3897258
C3897543,C3897543
C3898545,C3898545
C5400042,C5400042
C3899465,C3899465
C3900167,C3900167
C4020740,C4020740
C4020909,C4020909
C4020951,C4020951
C4020959,C4020959
C4021159,C4021159
C4021202,C4021202
C4021263,C4021263
C4021637,C4021637
C4021651,C4021651
C4021671,C4021671
C4021763,C4021763
C4021800,C4021800
C4021805,C4021805
C4021811,C4021811
C4021867,C4021867
C4021869,C4021869
C4021871,C4021871
C4021873,C4021873
C4021983,C4021983
C4022027,C4022027
C4022444,C4022444
C4022481,C4022481
C4022486,C4022486
C4022670,C4022670
C4022690,C4022690
C4022718,C4022718
C4022736,C4022736
C4023183,C4023183
C4023406,C4023406
C4023407,C4023407
C4023413,C4023413
C4023459,C4023459
C4023544,C4023544
C4023637,C4023637
C4023639,C4023639
C4023749,C4023749
C4023759,C4023759
C4023921,C4023921
C4024156,C4024156
C4024158,C4024158
C4024750,C4024750
C4024814,C4024814
C4024824,C4024824
C4024924,C4024924
C4025014,C4025014
C4025038,C4025038
C4025055,C4025055
C4025060,C4025060
C4025065,C4025065
C4025179,C4025179
C4025223,C4025223
C4025319,C4025319
C4025324,C4025324
C4025401,C4025401
C4025402,C4025402
C4025403,C4025403
C4025686,C4025686
C4025837,C4025837
C4025840,C4025840
C4025852,C4025852
C4025856,C4025856
C4025862,C4025862
C4025863,C4025863
C4025864,C4025864
C4025866,C4025866
C4025867,C4025867
C4025870,C4025870
C4025873,C4025873
C4025874,C4025874
C4025883,C4025883
C4025884,C4025884
C4025886,C4025886
C5455420,C4043101
C4043101,C5455420
C4043268,C4043268
C4045705,C4045705
C4043547,C4043547
C4044346,C4044346
C4287742,C4287742
C4044757,C4044757
C4045761,C4045761
C4045791,C4045791
C4694977,C4045824
C4045824,C4694977
C4045825,C4045825
C5238107,C5238107
C4049082,C4049082
C4049148,C4049148
C4049150,C4049150
C4053487,C4053487
C5700380,C5700380
C4053572,C4053572
C4053573,C4053573
C4053575,C4053575
C4053576,C4053576
C4053577,C4053577
C4053579,C4053579
C4053580,C4053580
C4053581,C4053581
C4053583,C4053583
C4053586,C4053586
C4053587,C4053587
C4053590,C4053590
C4053591,C4053591
C4053593,C4053593
C4053596,C4053596
C4053602,C4053602
C4053603,C4053603
C4053605,C4053605
C4053606,C4053606
C4053608,C4053608
C4053609,C4053609
C4053611,C4053611
C4053612,C4053612
C4053615,C4053615
C4053617,C4053617
C4053619,C4053619
C4053620,C4053620
C4053662,C4053662
C4053622,C4053622
C4053625,C4053625
C4053626,C4053626
C4053627,C4053627
C4053628,C4053628
C4053630,C4053630
C4053631,C4053631
C4053632,C4053632
C4053634,C4053634
C4053635,C4053635
C4053636,C4053636
C4053637,C4053637
C4053640,C4053640
C4524320,C4524320
C4053643,C4053643
C4053644,C4053644
C4053649,C4053649
C4053650,C4053650
C4053651,C4053651
C4053652,C4053652
C4053653,C4053653
C4053654,C4053654
C4053656,C4053656
C4053657,C4053657
C4053659,C4053659
C4053661,C4053661
C4053663,C4053663
C4053665,C4053665
C4053666,C4053666
C4053668,C4053668
C4053670,C4053670
C4053671,C4053671
C4053674,C4053674
C4053676,C4053676
C4053679,C4053679
C4053681,C4053681
C4053682,C4053682
C4053683,C4053683
C4053684,C4053684
C4053685,C4053685
C4053686,C4053686
C4053688,C4053688
C4053689,C4053689
C4054948,C4054948
C4055424,C4055424
C4073242,C4073242
C4078506,C4078506
C4078959,C4078959
C4084933,C4084933
C4084943,C4084943
C4085208,C4085208
C4085571,C4085571
C4085869,C4085869
C4085925,C4085925
C4085936,C4085936
C4085944,C4085944
C4085952,C4085952
C4085962,C4085962
C4085966,C4085966
C4085967,C4085967
C4085970,C4085970
C4085972,C4085972
C4085973,C4085973
C4085974,C4085974
C4085975,C4085975
C4085978,C4085978
C4085980,C4085980
C4085984,C4085984
C4085985,C4085985
C4085986,C4085986
C4085988,C4085988
C4085989,C4085989
C4085991,C4085991
C4085991,C4727612
C4727612,C4085991
C4085992,C4085992
C4086007,C4086007
C4086015,C4086015
C4086018,C4086018
C4086019,C4086019
C4086032,C4086032
C4086099,C4086099
C4086207,C4086207
C4724813,C4724813
C4086232,C4086232
C4086267,C4086267
C4086294,C4086294
C4086351,C4086351
C4086364,C4086364
C4086532,C4086532
C4086539,C4086539
C4086557,C4086557
C4086591,C4086591
C4086612,C4086612
C4086613,C4086613
C4086683,C4086683
C4086714,C4086714
C4743552,C4743552
C4722618,C4086716
C4722618,C4722618
C4086716,C4722618
C4086717,C4086717
C4086723,C4086723
C4086745,C4086745
C4086835,C4086835
C4086882,C4086882
C4086907,C4086907
C4086975,C4086975
C4086976,C4086976
C4086979,C4086979
C4086980,C4086980
C4086981,C4086981
C4087028,C4087028
C4087034,C4087034
C4087084,C4087084
C4235455,C4235455
C4235456,C4235456
C4232573,C4232573
C4232691,C4232691
C4235791,C4235791
C4235826,C4235826
C4235827,C4235827
C4235882,C4235882
C4235883,C4235883
C4235898,C4235898
C4235899,C4235899
C4236003,C4236003
C4236004,C4236004
C4236052,C4236052
C4236319,C4236319
C4236320,C4236320
C4235301,C4235301
C4235376,C4235376
C4235494,C4235494
C4235499,C4235499
C4235524,C4235524
C4235931,C4235931
C4236637,C4236637
C4236638,C4236638
C4236698,C4236698
C4279258,C4279258
C4282112,C4282112
C4287661,C4287661
C4287723,C4287723
C4287680,C4287680
C4287682,C4287682
C4287683,C4287683
C4287684,C4287684
C4287685,C4287685
C4287686,C4287686
C4287688,C4287688
C4287689,C4287689
C4287690,C4287690
C4287694,C4287694
C4287695,C4287695
C4287697,C4287697
C4287698,C4287698
C4287699,C4287699
C4287702,C4287702
C4287704,C4287704
C4287706,C4287706
C4287707,C4287707
C4287708,C4287708
C4287709,C4287709
C4287710,C4287710
C4287711,C4287711
C4287712,C4287712
C4287790,C4287790
C4287716,C4287716
C4287718,C4287718
C4287719,C4287719
C4287721,C4287721
C4287722,C4287722
C4287726,C4287726
C4287795,C4287795
C4287732,C4287732
C4287793,C4287793
C4287735,C4287735
C4287736,C4287736
C4287737,C4287737
C4287739,C4287739
C4287740,C4287740
C4287741,C4287741
C4287743,C4287743
C4287746,C4287746
C4287747,C4287747
C4287748,C4287748
C4287749,C4287749
C4287750,C4287750
C4287752,C4287752
C4287753,C4287753
C4287754,C4287754
C4287755,C4287755
C4287756,C4287756
C4287757,C4287757
C4287758,C4287758
C4287760,C4287760
C4287761,C4287761
C4287762,C4287762
C4287763,C4287763
C4287764,C4287764
C4287765,C4287765
C4287766,C4287766
C4287767,C4287767
C4287773,C4287773
C4287771,C4287771
C4287772,C4287772
C4743554,C4743554
C4287775,C4287775
C4287777,C4287777
C4287778,C4287778
C4287779,C4287779
C4287781,C4287781
C4287782,C4287782
C4287789,C4287789
C4287791,C4287791
C4287792,C4287792
C4287796,C4287796
C4289997,C4289997
C5235269,C5235269
C4309517,C4309517
C4726577,C4726577
C4310096,C4310096
C4310157,C4310157
C4310558,C4310558
C4317349,C4317349
C4318838,C4318838
C4318839,C4318839
C4318843,C4318843
C4327599,C4327599
C4327628,C4327628
C4327629,C4327629
C4326336,C4326336
C4327740,C4327740
C4327741,C4327741
C4326454,C4326454
C4326564,C4326564
C4326568,C4326568
C4326569,C4326569
C4327795,C4327795
C4326574,C4326574
C4326575,C4326575
C4326576,C4326576
C4326577,C4326577
C4326720,C4326720
C4327123,C4327123
C4329093,C4329093
C4329215,C4329215
C4329233,C4329233
C4329282,C4329282
C4329302,C4329302
C4329309,C4329309
C4329311,C4329311
C4329312,C4329312
C4329314,C4329314
C4329315,C4329315
C4329316,C4329316
C4329317,C4329317
C4329318,C4329318
C4329319,C4329319
C4329320,C4329320
C4329321,C4329321
C4329322,C4329322
C4329323,C4329323
C4329324,C4329324
C4329325,C4329325
C4329327,C4329327
C4329328,C4329328
C4329329,C4329329
C4329330,C4329330
C4329331,C4329331
C4329332,C4329332
C4329334,C4329334
C4329335,C4329335
C4329336,C4329336
C4329337,C4329337
C4329338,C4329338
C4329340,C4329340
C4329341,C4329341
C4329342,C4329342
C4329344,C4329344
C4329346,C4329346
C4329438,C4329438
C4329439,C4329439
C4329442,C4329442
C4329446,C4329446
C4329464,C4329464
C4329512,C4329512
C4329513,C4329513
C4329594,C4329594
C4329607,C4329607
C4329647,C4329647
C4329699,C4329699
C4329759,C4329759
C4329761,C4329761
C4329779,C4329779
C4329802,C4329802
C4329994,C4329994
C4330156,C4330156
C4330400,C4330400
C4330473,C4330473
C4330526,C4330526
C4330527,C4330527
C4330528,C4330528
C4330586,C4330586
C4330700,C4330700
C4330704,C4330704
C4330765,C4330765
C4330908,C4330908
C4330914,C4330914
C4330917,C4330917
C4330927,C4330927
C4330930,C4330930
C4331032,C4331032
C4331210,C4331210
C4331211,C4331211
C4331223,C4331223
C4331266,C4331266
C4331267,C4331267
C4331306,C4331306
C4331307,C4331307
C4331365,C4331365
C4331366,C4331366
C4331372,C4331372
C4331489,C4331489
C4331798,C4331798
C4331799,C4331799
C4331801,C4331801
C4331803,C4331803
C4331834,C4331834
C4331870,C4331870
C4331966,C4331966
C4507303,C4507303
C4507630,C4507630
C4508067,C4508067
C4508477,C4508477
C4519099,C4519099
C4726693,C4519126
C4519126,C4726693
C4519143,C4519143
C4519306,C4519306
C4519307,C4519307
C4520956,C4520956
C4524446,C4524446
C4524461,C4524461
C4524702,C4524702
C4524823,C4524823
C4524848,C4524848
C4524907,C4524907
C4524908,C4524908
C4524911,C4524911
C4525309,C4525309
C4525511,C4525511
C4525531,C4525531
C4525627,C4525627
C4525866,C4525866
C4525939,C4525939
C4525950,C4525950
C4525952,C4525952
C4525954,C4525954
C4525955,C4525955
C4525956,C4525956
C4526664,C4526664
C4526670,C4526670
C4526672,C4526672
C4526674,C4526674
C4526708,C4526708
C4526709,C4526709
C4526971,C4526971
C4526974,C4526974
C4527012,C4527012
C4527013,C4527013
C4527015,C4527015
C4527153,C4527153
C4527155,C4527155
C4527156,C4527156
C4527158,C4527158
C4527193,C4527193
C4527194,C4527194
C4527228,C4527228
C4527229,C4527229
C4527256,C4527256
C4527301,C4527301
C4527306,C4527306
C4527308,C4527308
C4527360,C4527360
C4527368,C4527368
C4527407,C4527407
C4527411,C4527411
C5848411,C5848411
C4528200,C4528200
C4528565,C4528565
C4528568,C4528568
C4528574,C4528574
C4528575,C4528575
C4528703,C4528703
C4528734,C4528734
C4546560,C4724082
C4724082,C4546560
C4547392,C4547392
C4549048,C4549048
C4551563,C4551563
C4552050,C4552050
C4552071,C4552071
C4552071,C4722390
C4682404,C4682404
C4682464,C4682464
C4682501,C4682501
C4682660,C4682660
C4682749,C4682749
C4682857,C4682857
C4682889,C4682889
C4682896,C4682896
C4682934,C4682934
C4683044,C4683044
C4683045,C4683045
C4683432,C4683432
C4683473,C4683473
C4683496,C4683496
C4683552,C4683552
C4683804,C4683804
C4683805,C4683805
C4683810,C4683810
C4684393,C4684393
C4684394,C4684394
C4684440,C4684440
C4722742,C4722742
C4684451,C4684451
C4684555,C4684555
C4684819,C4684819
C4684824,C4684824
C4684830,C4684830
C4684835,C4684835
C4684842,C4684842
C4684843,C4684843
C4684846,C4684846
C4684848,C4684848
C4684874,C4684874
C4684875,C4684875
C4760874,C4760874
C4684890,C4684890
C4684892,C4684892
C4684893,C4684893
C4684939,C4684939
C4684940,C4684940
C4684947,C4684947
C4684952,C4684952
C4684957,C4684957
C4684962,C4684962
C4684969,C4684969
C4684972,C4684972
C4684978,C4684978
C4685004,C4685004
C4685005,C4685005
C4687395,C4687395
C4687411,C4687411
C4722733,C4687432
C4687432,C4722733
C4687448,C4687448
C4687449,C4687449
C4687450,C4687450
C4687465,C4687465
C4687466,C4687466
C4687467,C4687467
C4687469,C4687469
C4687472,C4687472
C4687479,C4687479
C4687480,C4687480
C4687481,C4687481
C4687482,C4687482
C4687509,C4687509
C4687510,C4687510
C4687515,C4687515
C4687517,C4687517
C4687659,C4687659
C4687660,C4687660
C4687661,C4687661
C4687662,C4687662
C4687663,C4687663
C4687728,C4687728
C4687729,C4687729
C4687975,C4687975
C4687984,C4687984
C4688009,C4688009
C4688012,C4688012
C4688013,C4688013
C4688337,C4688337
C4688343,C4688343
C4688376,C4688376
C4688466,C4688466
C4688501,C4688501
C4688504,C4688504
C4688582,C4688582
C4688593,C4688593
C4688608,C4688608
C4688623,C4688623
C4689718,C4689718
C4690359,C4690359
C4690931,C4690931
C4691060,C4691060
C4691070,C4691070
C4691196,C4691196
C4705004,C4705004
C4705005,C4705005
C4705459,C4705459
C4721941,C4721941
C4721942,C4721942
C4722476,C4722476
C4722512,C4722512
C5400050,C5400050
C5400051,C5400051
C4722674,C4722674
C4722726,C4722726
C4723625,C4734333
C4734333,C4723625
C4723689,C4723689
C4723692,C4723692
C4723695,C4723695
C4724369,C4724369
C4724837,C4724837
C4724841,C4724841
C4724844,C4724844
C4724846,C4724846
C4724847,C4724847
C4724855,C4724855
C4724856,C4724856
C4724857,C4724857
C4724862,C4724862
C4724865,C4724865
C4724866,C4724866
C4724876,C4724876
C4724878,C4724878
C4724880,C4724880
C4724881,C4724881
C4724884,C4724884
C4724988,C4724988
C4725017,C4725017
C4725018,C4725018
C4725022,C4725022
C4725031,C4725031
C4725045,C4725045
C4725065,C4725065
C4725068,C4725068
C4725069,C4725069
C4725071,C4725071
C4725072,C4725072
C4725074,C4725074
C4725082,C4725082
C4725084,C4725084
C4725086,C4725086
C4725088,C4725088
C4725090,C4725090
C4725096,C4725096
C4725098,C4725098
C4725099,C4725099
C4725100,C4725100
C4725101,C4725101
C4725102,C4725102
C4725103,C4725103
C4725106,C4725106
C4725107,C4725107
C4725108,C4725108
C4725109,C4725109
C4725111,C4725111
C4725112,C4725112
C4725113,C4725113
C4725626,C4725626
C4725680,C4725680
C4725687,C4725687
C4725689,C4725689
C4725690,C4725690
C4725691,C4725691
C4725693,C4725693
C4725694,C4725694
C4725695,C4725695
C4725696,C4725696
C4725703,C4725703
C4725753,C4725753
C4725787,C4725787
C4725789,C4725789
C4725795,C4725795
C4725827,C4725827
C4725831,C4725831
C4725832,C4725832
C4725852,C4725852
C4725853,C4725853
C4725857,C4725857
C4725914,C4725914
C4725916,C4725916
C4725918,C4725918
C4725919,C4725919
C4725946,C4725946
C4725949,C4725949
C4725956,C4725956
C4726002,C4726002
C4726538,C4726538
C4726558,C4726558
C4726564,C4726564
C4726565,C4726565
C4726567,C4726567
C4726568,C4726568
C4726570,C4726570
C4726572,C4726572
C4726576,C4726576
C4726579,C4726579
C4726580,C4726580
C4726582,C4726582
C4726586,C4726586
C4726587,C4726587
C4726604,C4726604
C4726608,C4726608
C5227734,C4726948
C4726994,C4726994
C4726995,C4726995
C4727022,C4727022
C4727034,C4727034
C4727036,C4727036
C4727040,C4727040
C4727043,C4727043
C4727044,C4727044
C4727050,C4727050
C4727057,C4727057
C4727058,C4727058
C4727060,C4727060
C4727072,C4727072
C4727076,C4727076
C4727095,C4727095
C4727097,C4727097
C4727129,C4727129
C4727130,C4727130
C4727145,C4727145
C4727161,C4727161
C4727163,C4727163
C4727165,C4727165
C4727191,C4727191
C4727206,C4727206
C4727208,C4727208
C4727209,C4727209
C4727210,C4727210
C4727239,C4727239
C4727241,C4727241
C4727246,C4727246
C4727247,C4727247
C4727248,C4727248
C4727249,C4727249
C4727547,C4727547
C4727549,C4727549
C4727550,C4727550
C4727551,C4727551
C4727552,C4727552
C4727558,C4727558
C4727559,C4727559
C4727560,C4727560
C4727585,C4727585
C4727732,C4727732
C4727739,C4727739
C4727786,C4727786
C4733180,C4733180
C4733204,C4733204
C4733221,C4733221
C4733234,C4733234
C4733249,C4733249
C4733250,C4733250
C4733287,C4733287
C4733327,C4733327
C4733335,C4733335
C4733381,C4733381
C4733483,C4733483
C4733487,C4733487
C4733488,C4733488
C4733491,C4733491
C4733572,C4733572
C4733574,C4733574
C4733584,C4733584
C4733585,C4733585
C4733587,C4733587
C4733592,C4733592
C4733596,C4733596
C4733597,C4733597
C4733600,C4733600
C4733601,C4733601
C4733602,C4733602
C4733605,C4733605
C4733610,C4733610
C4733613,C4733613
C4733614,C4733614
C4733620,C4733620
C4733624,C4733624
C4733625,C4733625
C4733628,C4733628
C4733631,C4733631
C4733632,C4733632
C4733633,C4733633
C4733641,C4733641
C4733644,C4733644
C4733646,C4733646
C4733648,C4733648
C4733649,C4733649
C4733650,C4733650
C4733652,C4733652
C4733654,C4733654
C4733655,C4733655
C4733656,C4733656
C4733657,C4733657
C4733659,C4733659
C4733661,C4733661
C4733662,C4733662
C4733664,C4733664
C4733665,C4733665
C4733666,C4733666
C4733669,C4733669
C4733670,C4733670
C4733671,C4733671
C4733672,C4733672
C4733673,C4733673
C4733675,C4733675
C4733677,C4733677
C4733680,C4733680
C4733686,C4733686
C4733687,C4733687
C4733689,C4733689
C4733690,C4733690
C4733694,C4733694
C4733695,C4733695
C4760802,C4760802
C4760994,C4760994
C5139677,C5139677
C5139749,C5139749
C5553113,C5553113
C5140536,C5140028
C5140536,C5140521
C5140028,C5140536
C5140521,C5140536
C5197738,C5197738
C5198671,C5198671
C5201229,C5201229
C5201250,C5201250
C5874380,C5706663
C5706663,C5874380
C5226971,C5226971
C5226860,C5226860
C5227420,C5227420
C5235281,C5235281
C5239889,C5239889
C5241435,C5241435
C5887181,C5887181
C5379951,C5379951
C5379973,C5379973
C5380184,C5380184
C5380186,C5380186
C5380297,C5380297
C5392287,C5392287
C5392310,C5392310
C5398043,C5398043
C5399823,C5399823
C5400052,C5400052
C5400058,C5400058
C5400100,C5400100
C5433467,C5433467
C5433747,C5433747
C5441997,C5441997
C5442144,C5442144
C5444408,C5444408
C5444849,C5444849
C5881765,C5447474
C5447474,C5881765
C5451104,C5451104
C5451136,C5451136
C5451149,C5451149
C5544964,C5544964
C5545089,C5545089
C5552950,C5552950
C5565719,C5558007
C5558007,C5565719
C5564314,C5564320
C5564320,C5564314
C5575570,C5575570
C5672704,C5672704
C5672733,C5672733
C5672734,C5672734
C5672735,C5672735
C5672736,C5672736
C5672737,C5672737
C5672740,C5672740
C5672741,C5672741
C5672742,C5672742
C5672852,C5672852
C5673016,C5673016
C5699493,C5699493
C5700397,C5700397
C5700405,C5700405
C5772858,C5772858
C5779754,C5779754
C5780621,C5780621
C5814940,C5814940
C5815067,C5815067
C5815077,C5815077
C5815119,C5815119
C5815287,C5815287
C5815288,C5815288
C5826933,C5826933
C5848424,C5848424
C5848432,C5848432
C5888372,C5888372
C5889827,C5889827
C5907347,C5907347
C5907459,C5907459
C5907468,C5907468
C5907486,C5907486
